<?xml version="1.0" encoding="UTF-8" standalone="yes"?>
<addon id="script.thx.artwork" version="1.0.0" name="[COLORred]THX 1138 Artwork[/COLOR]" provider-name="">
    <requires>
        <!--<import addon="xbmc.python" version="2.19.0"/>-->
    </requires>
    <extension point="xbmc.python.module" library="lib" />
    <extension point="xbmc.addon.metadata">
        <summary>THX Artwork</summary>
        <description>THX Artwork</description>
        <platform>all</platform>
        <assets>
            <icon>icon.png</icon>
            <fanart>fanart.jpg</fanart>
        </assets>
    </extension>
</addon>
