<?xml version="1.0" encoding="UTF-8" standalone="yes"?>
<addon id="script.skynet.artwork" version="1.0.0" name="[COLORwhite]Skynet Artwork[/COLOR]" provider-name="">
    <requires>
        <!--<import addon="xbmc.python" version="2.19.0"/>-->
    </requires>
    <extension point="xbmc.python.module" library="lib" />
    <extension point="xbmc.addon.metadata">
        <summary>Skynet Artwork</summary>
        <description>Skynet Artwork</description>
        <platform>all</platform>
        <assets>
            <icon>icon.png</icon>
            <fanart>fanart.jpg</fanart>
        </assets>
    </extension>
</addon>
